{
  "lambda": 0.04229964071282536,
  "alpha": 0.0025824644652956853,
  "learning_rate": 0.0017378144824435448,
  "max_depth": 4,
  "min_child_weight": 4,
  "gamma": 0.09842972502027583,
  "subsample": 0.5918305355440596,
  "colsample_bytree": 0.7315357886710063
}