{
  "0": {
    "precision": 0.7929606625258799,
    "recall": 0.9575,
    "f1-score": 0.8674971687429218,
    "support": 400.0
  },
  "1": {
    "precision": 0.8702290076335878,
    "recall": 0.5327102803738317,
    "f1-score": 0.6608695652173913,
    "support": 214.0
  },
  "accuracy": 0.8094462540716613,
  "macro avg": {
    "precision": 0.8315948350797339,
    "recall": 0.7451051401869159,
    "f1-score": 0.7641833669801565,
    "support": 614.0
  },
  "weighted avg": {
    "precision": 0.8198913235243319,
    "recall": 0.8094462540716613,
    "f1-score": 0.7954803818464015,
    "support": 614.0
  }
}