{
  "lambda": 0.02818739648479499,
  "alpha": 0.059241992824297936,
  "learning_rate": 0.10315891825817966,
  "max_depth": 5,
  "min_child_weight": 2,
  "gamma": 0.227521261316913,
  "subsample": 0.68924392156083,
  "colsample_bytree": 0.7638486426841837
}