{
  "lambda": 0.022895877654296896,
  "alpha": 0.0012357233795591291,
  "learning_rate": 0.053250178567843184,
  "max_depth": 4,
  "min_child_weight": 5,
  "gamma": 0.03577392437521082,
  "subsample": 0.6512076998843627,
  "colsample_bytree": 0.7204768742624073
}