{
  "lambda": 0.04372364025509289,
  "alpha": 0.2467410449690562,
  "learning_rate": 0.1337626255146943,
  "max_depth": 4,
  "min_child_weight": 7,
  "gamma": 0.11982835931140537,
  "subsample": 0.5880331794643858,
  "colsample_bytree": 0.6764087937375033
}