{
  "lambda": 0.08275032686540669,
  "alpha": 0.5042192236407356,
  "learning_rate": 0.07329632181785484,
  "max_depth": 5,
  "min_child_weight": 5,
  "gamma": 0.0048826184362537545,
  "subsample": 0.573136098719639,
  "colsample_bytree": 0.8072563261353525
}